Dataset,Group,Mode,Algorithm,Accuracy_mean,Accuracy_std,F1_mean,F1_std,Time_s,n_samples,n_classes,IR
abalone8,B,vanilla,LogReg,0.8628,0.0025,0.0103,0.0085,0.007,4177,2,6.35
abalone8,B,vanilla,Bagging,0.8528,0.0092,0.1715,0.0522,0.501,4177,2,6.35
abalone8,B,vanilla,RandomForest,0.8561,0.0049,0.1379,0.0544,0.42,4177,2,6.35
abalone8,B,vanilla,AdaBoost,0.864,0.0005,0.0,0.0,0.118,4177,2,6.35
abalone8,B,vanilla,GradBoost,0.8592,0.0035,0.089,0.0288,0.436,4177,2,6.35
abalone8,B,vanilla,Stacking,0.8633,0.0041,0.0961,0.0398,1.226,4177,2,6.35
abalone8,B,vanilla,XGBoost,0.848,0.0062,0.2229,0.0396,0.162,4177,2,6.35
abalone8,B,vanilla,LGBM,0.8501,0.0075,0.1815,0.0554,0.144,4177,2,6.35
abalone8,B,vanilla,RFF_binary,0.864,0.0005,0.0,0.0,0.169,4177,2,6.35
abalone8,B,oversample,LogReg,0.6908,0.0106,0.6607,0.009,0.01,7218,2,6.35
abalone8,B,oversample,Bagging,0.9483,0.0045,0.9456,0.0049,0.87,7218,2,6.35
abalone8,B,oversample,RandomForest,0.9554,0.0028,0.9535,0.003,0.792,7218,2,6.35
abalone8,B,oversample,AdaBoost,0.6953,0.0071,0.6365,0.026,0.236,7218,2,6.35
abalone8,B,oversample,GradBoost,0.7758,0.0047,0.7504,0.0058,0.826,7218,2,6.35
abalone8,B,oversample,Stacking,0.9821,0.002,0.9819,0.0021,5.242,7218,2,6.35
abalone8,B,oversample,XGBoost,0.9176,0.0055,0.9112,0.0066,0.12,7218,2,6.35
abalone8,B,oversample,LGBM,0.8831,0.0071,0.8721,0.0085,0.107,7218,2,6.35
abalone8,B,oversample,RFF_binary,0.6193,0.0075,0.4407,0.0291,0.281,7218,2,6.35
abalone8,B,cost_sensitive,LogReg,0.6323,0.0211,0.3682,0.0238,0.008,4177,2,6.35
abalone8,B,cost_sensitive,Bagging,0.8528,0.0092,0.1715,0.0522,0.506,4177,2,6.35
abalone8,B,cost_sensitive,RandomForest,0.8592,0.0043,0.1401,0.0298,0.391,4177,2,6.35
abalone8,B,cost_sensitive,AdaBoost,0.864,0.0005,0.0,0.0,0.124,4177,2,6.35
abalone8,B,cost_sensitive,GradBoost,0.8592,0.0035,0.089,0.0288,0.438,4177,2,6.35
abalone8,B,cost_sensitive,Stacking,0.8645,0.0037,0.0886,0.0361,1.234,4177,2,6.35
abalone8,B,cost_sensitive,XGBoost,0.848,0.0062,0.2229,0.0396,0.093,4177,2,6.35
abalone8,B,cost_sensitive,LGBM,0.7639,0.0186,0.3671,0.025,0.121,4177,2,6.35
abalone8,B,cost_sensitive,RFF_binary,0.864,0.0005,0.0,0.0,0.172,4177,2,6.35
abalone17,B,vanilla,LogReg,0.9854,0.0009,0.0,0.0,0.005,4177,2,71.02
abalone17,B,vanilla,Bagging,0.9861,0.0009,0.0308,0.0615,0.327,4177,2,71.02
abalone17,B,vanilla,RandomForest,0.9861,0.0006,0.0,0.0,0.271,4177,2,71.02
abalone17,B,vanilla,AdaBoost,0.9856,0.0008,0.0,0.0,0.12,4177,2,71.02
abalone17,B,vanilla,GradBoost,0.9832,0.0013,0.0,0.0,0.428,4177,2,71.02
abalone17,B,vanilla,Stacking,0.9861,0.0006,0.0,0.0,0.54,4177,2,71.02
abalone17,B,vanilla,XGBoost,0.9854,0.0014,0.06,0.0742,0.092,4177,2,71.02
abalone17,B,vanilla,LGBM,0.9852,0.0006,0.0,0.0,0.092,4177,2,71.02
abalone17,B,vanilla,RFF_binary,0.9861,0.0006,0.0,0.0,0.38,4177,2,71.02
abalone17,B,oversample,LogReg,0.8284,0.0055,0.8268,0.0064,0.011,8238,2,71.02
abalone17,B,oversample,Bagging,0.9934,0.0017,0.9934,0.0017,0.432,8238,2,71.02
abalone17,B,oversample,RandomForest,0.9988,0.0009,0.9988,0.0009,0.365,8238,2,71.02
abalone17,B,oversample,AdaBoost,0.8524,0.0064,0.8368,0.0081,0.165,8238,2,71.02
abalone17,B,oversample,GradBoost,0.9642,0.003,0.9629,0.0033,0.585,8238,2,71.02
abalone17,B,oversample,Stacking,0.9995,0.0005,0.9995,0.0005,4.137,8238,2,71.02
abalone17,B,oversample,XGBoost,0.995,0.001,0.995,0.001,0.101,8238,2,71.02
abalone17,B,oversample,LGBM,0.9951,0.0009,0.9951,0.0009,0.12,8238,2,71.02
abalone17,B,oversample,RFF_binary,0.6222,0.0294,0.4066,0.06,0.266,8238,2,71.02
abalone17,B,cost_sensitive,LogReg,0.814,0.0106,0.1038,0.0184,0.008,4177,2,71.02
abalone17,B,cost_sensitive,Bagging,0.9861,0.0009,0.0308,0.0615,0.306,4177,2,71.02
abalone17,B,cost_sensitive,RandomForest,0.9861,0.0006,0.0,0.0,0.21,4177,2,71.02
abalone17,B,cost_sensitive,AdaBoost,0.9856,0.0008,0.0,0.0,0.117,4177,2,71.02
abalone17,B,cost_sensitive,GradBoost,0.9832,0.0013,0.0,0.0,0.407,4177,2,71.02
abalone17,B,cost_sensitive,Stacking,0.9861,0.0006,0.0,0.0,0.527,4177,2,71.02
abalone17,B,cost_sensitive,XGBoost,0.9854,0.0014,0.06,0.0742,0.074,4177,2,71.02
abalone17,B,cost_sensitive,LGBM,0.978,0.0022,0.0382,0.0469,0.13,4177,2,71.02
abalone17,B,cost_sensitive,RFF_binary,0.9861,0.0006,0.0,0.0,0.366,4177,2,71.02
abalone20,B,vanilla,LogReg,0.9933,0.001,0.0,0.0,0.005,4177,2,159.65
abalone20,B,vanilla,Bagging,0.9933,0.0006,0.0,0.0,0.233,4177,2,159.65
abalone20,B,vanilla,RandomForest,0.9938,0.0005,0.0,0.0,0.192,4177,2,159.65
abalone20,B,vanilla,AdaBoost,0.9931,0.0009,0.0,0.0,0.119,4177,2,159.65
abalone20,B,vanilla,GradBoost,0.9895,0.0023,0.0,0.0,0.44,4177,2,159.65
abalone20,B,vanilla,Stacking,0.9938,0.0005,0.0,0.0,0.44,4177,2,159.65
abalone20,B,vanilla,XGBoost,0.9926,0.0005,0.0,0.0,0.082,4177,2,159.65
abalone20,B,vanilla,LGBM,0.9933,0.001,0.0,0.0,0.107,4177,2,159.65
abalone20,B,vanilla,RFF_binary,0.9938,0.0005,0.0,0.0,0.465,4177,2,159.65
abalone20,B,oversample,LogReg,0.8497,0.0099,0.8468,0.0119,0.011,8302,2,159.65
abalone20,B,oversample,Bagging,0.996,0.0014,0.996,0.0013,0.342,8302,2,159.65
abalone20,B,oversample,RandomForest,0.9995,0.0005,0.9995,0.0005,0.287,8302,2,159.65
abalone20,B,oversample,AdaBoost,0.9253,0.0074,0.9301,0.0072,0.152,8302,2,159.65
abalone20,B,oversample,GradBoost,0.9863,0.0027,0.9865,0.0027,0.546,8302,2,159.65
abalone20,B,oversample,Stacking,0.9994,0.0007,0.9994,0.0007,3.275,8302,2,159.65
abalone20,B,oversample,XGBoost,0.9961,0.0015,0.9962,0.0014,0.097,8302,2,159.65
abalone20,B,oversample,LGBM,0.9992,0.0005,0.9992,0.0005,0.133,8302,2,159.65
abalone20,B,oversample,RFF_binary,0.6462,0.0158,0.7388,0.0086,0.255,8302,2,159.65
abalone20,B,cost_sensitive,LogReg,0.8674,0.0163,0.0622,0.0219,0.008,4177,2,159.65
abalone20,B,cost_sensitive,Bagging,0.9933,0.0006,0.0,0.0,0.214,4177,2,159.65
abalone20,B,cost_sensitive,RandomForest,0.9938,0.0005,0.0,0.0,0.175,4177,2,159.65
abalone20,B,cost_sensitive,AdaBoost,0.9931,0.0009,0.0,0.0,0.116,4177,2,159.65
abalone20,B,cost_sensitive,GradBoost,0.9895,0.0023,0.0,0.0,0.419,4177,2,159.65
abalone20,B,cost_sensitive,Stacking,0.9938,0.0005,0.0,0.0,0.43,4177,2,159.65
abalone20,B,cost_sensitive,XGBoost,0.9926,0.0005,0.0,0.0,0.077,4177,2,159.65
abalone20,B,cost_sensitive,LGBM,0.9895,0.0023,0.0,0.0,0.103,4177,2,159.65
abalone20,B,cost_sensitive,RFF_binary,0.9938,0.0005,0.0,0.0,0.453,4177,2,159.65
wine4,B,vanilla,LogReg,0.965,0.0023,0.0308,0.0615,0.003,1599,2,29.17
wine4,B,vanilla,Bagging,0.9656,0.0019,0.0533,0.1067,0.201,1599,2,29.17
wine4,B,vanilla,RandomForest,0.9669,0.0015,0.0,0.0,0.157,1599,2,29.17
wine4,B,vanilla,AdaBoost,0.9662,0.0041,0.0364,0.0727,0.074,1599,2,29.17
wine4,B,vanilla,GradBoost,0.9612,0.0042,0.1071,0.0934,0.208,1599,2,29.17
wine4,B,vanilla,Stacking,0.9669,0.0015,0.0,0.0,0.333,1599,2,29.17
wine4,B,vanilla,XGBoost,0.9619,0.0064,0.0,0.0,0.076,1599,2,29.17
wine4,B,vanilla,LGBM,0.9644,0.0042,0.0333,0.0667,0.095,1599,2,29.17
wine4,B,vanilla,RFF_binary,0.9669,0.0015,0.0,0.0,0.112,1599,2,29.17
wine4,B,oversample,LogReg,0.7397,0.0084,0.735,0.0118,0.017,3092,2,29.17
wine4,B,oversample,Bagging,0.9919,0.0035,0.9918,0.0036,0.258,3092,2,29.17
wine4,B,oversample,RandomForest,0.9977,0.0024,0.9977,0.0024,0.208,3092,2,29.17
wine4,B,oversample,AdaBoost,0.838,0.0083,0.8375,0.0082,0.088,3092,2,29.17
wine4,B,oversample,GradBoost,0.9744,0.0059,0.9737,0.0062,0.292,3092,2,29.17
wine4,B,oversample,Stacking,0.9994,0.0008,0.9994,0.0008,1.215,3092,2,29.17
wine4,B,oversample,XGBoost,0.9932,0.0047,0.9931,0.0048,0.087,3092,2,29.17
wine4,B,oversample,LGBM,0.9948,0.0041,0.9948,0.0042,0.112,3092,2,29.17
wine4,B,oversample,RFF_binary,0.6129,0.0621,0.4799,0.2216,0.143,3092,2,29.17
wine4,B,cost_sensitive,LogReg,0.7348,0.0311,0.1421,0.0339,0.004,1599,2,29.17
wine4,B,cost_sensitive,Bagging,0.9656,0.0019,0.0533,0.1067,0.195,1599,2,29.17
wine4,B,cost_sensitive,RandomForest,0.9662,0.0023,0.0,0.0,0.137,1599,2,29.17
wine4,B,cost_sensitive,AdaBoost,0.9662,0.0041,0.0364,0.0727,0.071,1599,2,29.17
wine4,B,cost_sensitive,GradBoost,0.9612,0.0042,0.1071,0.0934,0.199,1599,2,29.17
wine4,B,cost_sensitive,Stacking,0.9669,0.0015,0.0,0.0,0.319,1599,2,29.17
wine4,B,cost_sensitive,XGBoost,0.9619,0.0064,0.0,0.0,0.074,1599,2,29.17
wine4,B,cost_sensitive,LGBM,0.9631,0.0057,0.0854,0.0715,0.103,1599,2,29.17
wine4,B,cost_sensitive,RFF_binary,0.9669,0.0015,0.0,0.0,0.117,1599,2,29.17
yeast6,B,vanilla,LogReg,0.9818,0.0034,0.4315,0.2317,0.003,1484,2,41.4
yeast6,B,vanilla,Bagging,0.9805,0.0039,0.4879,0.1044,0.083,1484,2,41.4
yeast6,B,vanilla,RandomForest,0.9818,0.0016,0.4873,0.0713,0.091,1484,2,41.4
yeast6,B,vanilla,AdaBoost,0.9784,0.0087,0.4764,0.1768,0.052,1484,2,41.4
yeast6,B,vanilla,GradBoost,0.9771,0.0054,0.4279,0.1471,0.112,1484,2,41.4
yeast6,B,vanilla,Stacking,0.9805,0.0045,0.3522,0.221,0.226,1484,2,41.4
yeast6,B,vanilla,XGBoost,0.9751,0.0076,0.4097,0.1255,0.067,1484,2,41.4
yeast6,B,vanilla,LGBM,0.9784,0.0072,0.4714,0.1867,0.102,1484,2,41.4
yeast6,B,vanilla,RFF_binary,0.9764,0.0,0.0,0.0,0.109,1484,2,41.4
yeast6,B,oversample,LogReg,0.883,0.0136,0.8841,0.014,0.003,2898,2,41.4
yeast6,B,oversample,Bagging,0.9928,0.0043,0.9927,0.0044,0.125,2898,2,41.4
yeast6,B,oversample,RandomForest,0.9959,0.0036,0.9958,0.0036,0.131,2898,2,41.4
yeast6,B,oversample,AdaBoost,0.9541,0.0078,0.9533,0.0082,0.064,2898,2,41.4
yeast6,B,oversample,GradBoost,0.989,0.0061,0.9888,0.0063,0.167,2898,2,41.4
yeast6,B,oversample,Stacking,0.9959,0.0032,0.9958,0.0032,0.642,2898,2,41.4
yeast6,B,oversample,XGBoost,0.9931,0.0029,0.993,0.0029,0.062,2898,2,41.4
yeast6,B,oversample,LGBM,0.9941,0.0044,0.9941,0.0045,0.118,2898,2,41.4
yeast6,B,oversample,RFF_binary,0.7816,0.0775,0.7233,0.1229,0.127,2898,2,41.4
yeast6,B,cost_sensitive,LogReg,0.8875,0.0236,0.2711,0.0541,0.003,1484,2,41.4
yeast6,B,cost_sensitive,Bagging,0.9805,0.0039,0.4879,0.1044,0.085,1484,2,41.4
yeast6,B,cost_sensitive,RandomForest,0.9811,0.005,0.4367,0.199,0.09,1484,2,41.4
yeast6,B,cost_sensitive,AdaBoost,0.9784,0.0087,0.4764,0.1768,0.053,1484,2,41.4
yeast6,B,cost_sensitive,GradBoost,0.9771,0.0054,0.4279,0.1471,0.116,1484,2,41.4
yeast6,B,cost_sensitive,Stacking,0.9805,0.0045,0.3522,0.221,0.228,1484,2,41.4
yeast6,B,cost_sensitive,XGBoost,0.9751,0.0076,0.4097,0.1255,0.06,1484,2,41.4
yeast6,B,cost_sensitive,LGBM,0.9778,0.012,0.5354,0.2304,0.1,1484,2,41.4
yeast6,B,cost_sensitive,RFF_binary,0.9764,0.0,0.0,0.0,0.12,1484,2,41.4
autompg,A,vanilla,LogReg,0.8698,0.0287,0.8645,0.0296,0.002,392,2,1.67
autompg,A,vanilla,Bagging,0.9056,0.039,0.8996,0.0411,0.064,392,2,1.67
autompg,A,vanilla,RandomForest,0.903,0.021,0.8981,0.0222,0.077,392,2,1.67
autompg,A,vanilla,AdaBoost,0.8826,0.0221,0.8745,0.0264,0.043,392,2,1.67
autompg,A,vanilla,GradBoost,0.9133,0.0203,0.9085,0.0208,0.073,392,2,1.67
autompg,A,vanilla,Stacking,0.8723,0.0423,0.8641,0.0467,0.173,392,2,1.67
autompg,A,vanilla,XGBoost,0.9362,0.0228,0.9324,0.0234,0.056,392,2,1.67
autompg,A,vanilla,LGBM,0.9159,0.026,0.9115,0.0263,0.057,392,2,1.67
autompg,A,vanilla,RFF_binary,0.625,0.0039,0.3846,0.0015,0.04,392,2,1.67
glass,A,vanilla,LogReg,0.7659,0.0577,0.7232,0.0753,0.005,214,2,2.06
glass,A,vanilla,Bagging,0.8692,0.0234,0.8497,0.0281,0.063,214,2,2.06
glass,A,vanilla,RandomForest,0.8831,0.0334,0.8659,0.0369,0.095,214,2,2.06
glass,A,vanilla,AdaBoost,0.8458,0.0276,0.8217,0.0269,0.046,214,2,2.06
glass,A,vanilla,GradBoost,0.8878,0.0176,0.8711,0.019,0.068,214,2,2.06
glass,A,vanilla,Stacking,0.8317,0.0184,0.7944,0.0288,0.168,214,2,2.06
glass,A,vanilla,XGBoost,0.8878,0.0176,0.8727,0.0165,0.052,214,2,2.06
glass,A,vanilla,LGBM,0.8784,0.0181,0.8613,0.0213,0.03,214,2,2.06
glass,A,vanilla,RFF_binary,0.6729,0.0031,0.4022,0.0011,0.047,214,2,2.06
hayes,B,vanilla,LogReg,0.9091,0.039,0.7646,0.1164,0.001,132,2,3.4
hayes,B,vanilla,Bagging,1.0,0.0,1.0,0.0,0.051,132,2,3.4
hayes,B,vanilla,RandomForest,1.0,0.0,1.0,0.0,0.065,132,2,3.4
hayes,B,vanilla,AdaBoost,1.0,0.0,1.0,0.0,0.036,132,2,3.4
hayes,B,vanilla,GradBoost,1.0,0.0,1.0,0.0,0.038,132,2,3.4
hayes,B,vanilla,Stacking,1.0,0.0,1.0,0.0,0.143,132,2,3.4
hayes,B,vanilla,XGBoost,1.0,0.0,1.0,0.0,0.033,132,2,3.4
hayes,B,vanilla,LGBM,0.8564,0.0545,0.6227,0.1727,0.022,132,2,3.4
hayes,B,vanilla,RFF_binary,0.7726,0.0042,0.0,0.0,0.027,132,2,3.4
hayes,B,oversample,LogReg,0.9022,0.0688,0.8962,0.0808,0.001,204,2,3.4
hayes,B,oversample,Bagging,1.0,0.0,1.0,0.0,0.051,204,2,3.4
hayes,B,oversample,RandomForest,1.0,0.0,1.0,0.0,0.065,204,2,3.4
hayes,B,oversample,AdaBoost,1.0,0.0,1.0,0.0,0.04,204,2,3.4
hayes,B,oversample,GradBoost,1.0,0.0,1.0,0.0,0.039,204,2,3.4
hayes,B,oversample,Stacking,1.0,0.0,1.0,0.0,0.151,204,2,3.4
hayes,B,oversample,XGBoost,1.0,0.0,1.0,0.0,0.033,204,2,3.4
hayes,B,oversample,LGBM,1.0,0.0,1.0,0.0,0.027,204,2,3.4
hayes,B,oversample,RFF_binary,0.8877,0.0627,0.8903,0.0606,0.029,204,2,3.4
hayes,B,cost_sensitive,LogReg,0.9091,0.0183,0.8172,0.0401,0.001,132,2,3.4
hayes,B,cost_sensitive,Bagging,1.0,0.0,1.0,0.0,0.051,132,2,3.4
hayes,B,cost_sensitive,RandomForest,1.0,0.0,1.0,0.0,0.064,132,2,3.4
hayes,B,cost_sensitive,AdaBoost,1.0,0.0,1.0,0.0,0.038,132,2,3.4
hayes,B,cost_sensitive,GradBoost,1.0,0.0,1.0,0.0,0.036,132,2,3.4
hayes,B,cost_sensitive,Stacking,1.0,0.0,1.0,0.0,0.143,132,2,3.4
hayes,B,cost_sensitive,XGBoost,1.0,0.0,1.0,0.0,0.03,132,2,3.4
hayes,B,cost_sensitive,LGBM,1.0,0.0,1.0,0.0,0.039,132,2,3.4
hayes,B,cost_sensitive,RFF_binary,0.7726,0.0042,0.0,0.0,0.035,132,2,3.4
libras,B,vanilla,LogReg,0.9778,0.0111,0.7953,0.1247,0.003,360,2,14.0
libras,B,vanilla,Bagging,0.9583,0.0152,0.569,0.1566,0.314,360,2,14.0
libras,B,vanilla,RandomForest,0.9639,0.0111,0.6143,0.1551,0.115,360,2,14.0
libras,B,vanilla,AdaBoost,0.9778,0.0111,0.7913,0.1212,0.129,360,2,14.0
libras,B,vanilla,GradBoost,0.9722,0.0088,0.7254,0.105,0.544,360,2,14.0
libras,B,vanilla,Stacking,0.9667,0.0142,0.6421,0.1863,0.251,360,2,14.0
libras,B,vanilla,XGBoost,0.9639,0.0111,0.6676,0.074,0.047,360,2,14.0
libras,B,vanilla,LGBM,0.9667,0.0142,0.6714,0.1795,0.08,360,2,14.0
libras,B,vanilla,RFF_binary,0.9333,0.0056,0.0,0.0,0.109,360,2,14.0
libras,B,oversample,LogReg,0.9866,0.0128,0.9862,0.0134,0.006,672,2,14.0
libras,B,oversample,Bagging,0.9925,0.0067,0.9924,0.0068,0.302,672,2,14.0
libras,B,oversample,RandomForest,1.0,0.0,1.0,0.0,0.129,672,2,14.0
libras,B,oversample,AdaBoost,1.0,0.0,1.0,0.0,0.17,672,2,14.0
libras,B,oversample,GradBoost,0.9985,0.003,0.9985,0.003,0.695,672,2,14.0
libras,B,oversample,Stacking,0.9985,0.003,0.9985,0.003,0.295,672,2,14.0
libras,B,oversample,XGBoost,0.9985,0.003,0.9985,0.003,0.079,672,2,14.0
libras,B,oversample,LGBM,0.9955,0.009,0.9954,0.0092,0.115,672,2,14.0
libras,B,oversample,RFF_binary,0.9375,0.0078,0.9349,0.0088,0.143,672,2,14.0
libras,B,cost_sensitive,LogReg,0.9556,0.0387,0.7491,0.1932,0.005,360,2,14.0
libras,B,cost_sensitive,Bagging,0.9583,0.0152,0.569,0.1566,0.326,360,2,14.0
libras,B,cost_sensitive,RandomForest,0.9667,0.0142,0.6524,0.184,0.104,360,2,14.0
libras,B,cost_sensitive,AdaBoost,0.9778,0.0111,0.7913,0.1212,0.134,360,2,14.0
libras,B,cost_sensitive,GradBoost,0.9722,0.0088,0.7254,0.105,0.558,360,2,14.0
libras,B,cost_sensitive,Stacking,0.9722,0.0196,0.7024,0.2316,0.248,360,2,14.0
libras,B,cost_sensitive,XGBoost,0.9639,0.0111,0.6676,0.074,0.043,360,2,14.0
libras,B,cost_sensitive,LGBM,0.9694,0.0104,0.719,0.0954,0.085,360,2,14.0
libras,B,cost_sensitive,RFF_binary,0.9333,0.0056,0.0,0.0,0.104,360,2,14.0
pageblocks,B,vanilla,LogReg,0.949,0.0026,0.7199,0.0158,0.007,5473,2,8.77
pageblocks,B,vanilla,Bagging,0.9733,0.0045,0.8677,0.0238,0.845,5473,2,8.77
pageblocks,B,vanilla,RandomForest,0.9751,0.0026,0.877,0.0132,0.585,5473,2,8.77
pageblocks,B,vanilla,AdaBoost,0.9583,0.004,0.7868,0.0217,0.168,5473,2,8.77
pageblocks,B,vanilla,GradBoost,0.9744,0.0028,0.8721,0.0154,0.675,5473,2,8.77
pageblocks,B,vanilla,Stacking,0.9742,0.0023,0.8681,0.0138,1.609,5473,2,8.77
pageblocks,B,vanilla,XGBoost,0.9739,0.003,0.8706,0.015,0.104,5473,2,8.77
pageblocks,B,vanilla,LGBM,0.9735,0.0026,0.8685,0.0128,0.131,5473,2,8.77
pageblocks,B,vanilla,RFF_binary,0.8977,0.0,0.0,0.0,0.23,5473,2,8.77
pageblocks,B,oversample,LogReg,0.9078,0.004,0.9061,0.0042,0.014,9826,2,8.77
pageblocks,B,oversample,Bagging,0.9901,0.0015,0.9902,0.0014,0.849,9826,2,8.77
pageblocks,B,oversample,RandomForest,0.9909,0.002,0.991,0.002,0.635,9826,2,8.77
pageblocks,B,oversample,AdaBoost,0.9405,0.0072,0.9404,0.0072,0.231,9826,2,8.77
pageblocks,B,oversample,GradBoost,0.981,0.0026,0.9812,0.0025,0.956,9826,2,8.77
pageblocks,B,oversample,Stacking,0.9933,0.0017,0.9933,0.0017,5.159,9826,2,8.77
pageblocks,B,oversample,XGBoost,0.9907,0.0022,0.9908,0.0022,0.273,9826,2,8.77
pageblocks,B,oversample,LGBM,0.9902,0.0028,0.9903,0.0027,0.142,9826,2,8.77
pageblocks,B,oversample,RFF_binary,0.8108,0.0049,0.7841,0.0035,0.345,9826,2,8.77
pageblocks,B,cost_sensitive,LogReg,0.922,0.0083,0.7018,0.0217,0.009,5473,2,8.77
pageblocks,B,cost_sensitive,Bagging,0.9733,0.0045,0.8677,0.0238,0.932,5473,2,8.77
pageblocks,B,cost_sensitive,RandomForest,0.9741,0.0029,0.8693,0.0159,0.498,5473,2,8.77
pageblocks,B,cost_sensitive,AdaBoost,0.9583,0.004,0.7868,0.0217,0.189,5473,2,8.77
pageblocks,B,cost_sensitive,GradBoost,0.9744,0.0028,0.8721,0.0154,0.766,5473,2,8.77
pageblocks,B,cost_sensitive,Stacking,0.9744,0.0022,0.8689,0.0133,1.822,5473,2,8.77
pageblocks,B,cost_sensitive,XGBoost,0.9739,0.003,0.8706,0.015,0.201,5473,2,8.77
pageblocks,B,cost_sensitive,LGBM,0.9713,0.0027,0.8633,0.0135,0.138,5473,2,8.77
pageblocks,B,cost_sensitive,RFF_binary,0.8977,0.0,0.0,0.0,0.269,5473,2,8.77
segmentation,B,vanilla,LogReg,0.9087,0.0107,0.6397,0.0317,0.004,2310,2,6.0
segmentation,B,vanilla,Bagging,0.9766,0.004,0.9152,0.0149,0.431,2310,2,6.0
segmentation,B,vanilla,RandomForest,0.9801,0.0078,0.9275,0.029,0.246,2310,2,6.0
segmentation,B,vanilla,AdaBoost,0.9338,0.011,0.7565,0.0406,0.168,2310,2,6.0
segmentation,B,vanilla,GradBoost,0.9771,0.0136,0.9156,0.0509,0.685,2310,2,6.0
segmentation,B,vanilla,Stacking,0.9792,0.0067,0.9239,0.0247,1.007,2310,2,6.0
segmentation,B,vanilla,XGBoost,0.9848,0.0074,0.9454,0.0273,0.123,2310,2,6.0
segmentation,B,vanilla,LGBM,0.9861,0.0076,0.9501,0.0281,0.117,2310,2,6.0
segmentation,B,vanilla,RFF_binary,0.8571,0.0,0.0,0.0,0.14,2310,2,6.0
segmentation,B,oversample,LogReg,0.8821,0.0112,0.887,0.0098,0.007,3960,2,6.0
segmentation,B,oversample,Bagging,0.9904,0.0023,0.9905,0.0023,0.647,3960,2,6.0
segmentation,B,oversample,RandomForest,0.9932,0.0027,0.9932,0.0027,0.356,3960,2,6.0
segmentation,B,oversample,AdaBoost,0.9513,0.0088,0.953,0.0086,0.216,3960,2,6.0
segmentation,B,oversample,GradBoost,0.9841,0.0022,0.9843,0.0021,0.896,3960,2,6.0
segmentation,B,oversample,Stacking,0.9965,0.0012,0.9965,0.0012,1.97,3960,2,6.0
segmentation,B,oversample,XGBoost,0.9952,0.0029,0.9952,0.0029,0.204,3960,2,6.0
segmentation,B,oversample,LGBM,0.9934,0.0031,0.9935,0.0031,0.113,3960,2,6.0
segmentation,B,oversample,RFF_binary,0.7404,0.0182,0.7937,0.0116,0.253,3960,2,6.0
segmentation,B,cost_sensitive,LogReg,0.8498,0.0236,0.6408,0.0356,0.006,2310,2,6.0
segmentation,B,cost_sensitive,Bagging,0.9766,0.004,0.9152,0.0149,0.439,2310,2,6.0
segmentation,B,cost_sensitive,RandomForest,0.9792,0.0079,0.9238,0.0302,0.242,2310,2,6.0
segmentation,B,cost_sensitive,AdaBoost,0.9338,0.011,0.7565,0.0406,0.169,2310,2,6.0
segmentation,B,cost_sensitive,GradBoost,0.9771,0.0136,0.9156,0.0509,0.775,2310,2,6.0
segmentation,B,cost_sensitive,Stacking,0.9792,0.0067,0.9239,0.0247,0.89,2310,2,6.0
segmentation,B,cost_sensitive,XGBoost,0.9848,0.0074,0.9454,0.0273,0.12,2310,2,6.0
segmentation,B,cost_sensitive,LGBM,0.9835,0.0073,0.9428,0.025,0.132,2310,2,6.0
segmentation,B,cost_sensitive,RFF_binary,0.8571,0.0,0.0,0.0,0.133,2310,2,6.0
vehicle,B,vanilla,LogReg,0.9634,0.0146,0.9235,0.0291,0.004,846,2,3.25
vehicle,B,vanilla,Bagging,0.9516,0.0195,0.8976,0.0412,0.116,846,2,3.25
vehicle,B,vanilla,RandomForest,0.9634,0.0136,0.9218,0.0299,0.113,846,2,3.25
vehicle,B,vanilla,AdaBoost,0.9622,0.0137,0.9206,0.0271,0.073,846,2,3.25
vehicle,B,vanilla,GradBoost,0.9646,0.0105,0.9239,0.024,0.193,846,2,3.25
vehicle,B,vanilla,Stacking,0.9669,0.0177,0.929,0.038,0.431,846,2,3.25
vehicle,B,vanilla,XGBoost,0.9645,0.0135,0.9244,0.0276,0.13,846,2,3.25
vehicle,B,vanilla,LGBM,0.9669,0.0096,0.9291,0.0195,0.299,846,2,3.25
vehicle,B,vanilla,RFF_binary,0.773,0.0081,0.1037,0.0954,0.098,846,2,3.25
vehicle,B,oversample,LogReg,0.9683,0.0113,0.9687,0.0111,0.005,1294,2,3.25
vehicle,B,oversample,Bagging,0.9753,0.0063,0.9756,0.0062,0.17,1294,2,3.25
vehicle,B,oversample,RandomForest,0.9791,0.0076,0.9794,0.0075,0.139,1294,2,3.25
vehicle,B,oversample,AdaBoost,0.9614,0.0115,0.9624,0.0108,0.078,1294,2,3.25
vehicle,B,oversample,GradBoost,0.9776,0.0089,0.9779,0.0087,0.229,1294,2,3.25
vehicle,B,oversample,Stacking,0.9815,0.0089,0.9816,0.0088,0.475,1294,2,3.25
vehicle,B,oversample,XGBoost,0.9791,0.0063,0.9794,0.0061,0.057,1294,2,3.25
vehicle,B,oversample,LGBM,0.9814,0.0067,0.9816,0.0067,0.123,1294,2,3.25
vehicle,B,oversample,RFF_binary,0.762,0.0293,0.808,0.0197,0.131,1294,2,3.25
vehicle,B,cost_sensitive,LogReg,0.9634,0.0155,0.9271,0.0292,0.005,846,2,3.25
vehicle,B,cost_sensitive,Bagging,0.9516,0.0195,0.8976,0.0412,0.133,846,2,3.25
vehicle,B,cost_sensitive,RandomForest,0.9622,0.0137,0.9187,0.03,0.123,846,2,3.25
vehicle,B,cost_sensitive,AdaBoost,0.9622,0.0137,0.9206,0.0271,0.071,846,2,3.25
vehicle,B,cost_sensitive,GradBoost,0.9646,0.0105,0.9239,0.024,0.188,846,2,3.25
vehicle,B,cost_sensitive,Stacking,0.9681,0.0177,0.9318,0.038,0.34,846,2,3.25
vehicle,B,cost_sensitive,XGBoost,0.9645,0.0135,0.9244,0.0276,0.125,846,2,3.25
vehicle,B,cost_sensitive,LGBM,0.9657,0.0087,0.9278,0.0179,0.085,846,2,3.25
vehicle,B,cost_sensitive,RFF_binary,0.773,0.0081,0.1037,0.0954,0.096,846,2,3.25
australian,A,vanilla,LogReg,0.8681,0.0298,0.867,0.0302,0.002,690,2,1.25
australian,A,vanilla,Bagging,0.8565,0.0253,0.8549,0.0252,0.126,690,2,1.25
australian,A,vanilla,RandomForest,0.8638,0.0319,0.8619,0.0318,0.115,690,2,1.25
australian,A,vanilla,AdaBoost,0.8609,0.0501,0.8595,0.0507,0.062,690,2,1.25
australian,A,vanilla,GradBoost,0.8652,0.0401,0.8634,0.0405,0.131,690,2,1.25
australian,A,vanilla,Stacking,0.8565,0.0316,0.8556,0.0316,0.3,690,2,1.25
australian,A,vanilla,XGBoost,0.8522,0.0336,0.8501,0.0339,0.107,690,2,1.25
australian,A,vanilla,LGBM,0.8536,0.0464,0.8516,0.0468,0.118,690,2,1.25
australian,A,vanilla,RFF_binary,0.813,0.0277,0.802,0.0307,0.08,690,2,1.25
balance,A,vanilla,LogReg,0.952,0.0134,0.9514,0.0138,0.002,625,2,1.17
balance,A,vanilla,Bagging,0.8944,0.0217,0.8936,0.0217,0.069,625,2,1.17
balance,A,vanilla,RandomForest,0.8912,0.0148,0.8904,0.0147,0.092,625,2,1.17
balance,A,vanilla,AdaBoost,0.9792,0.0109,0.9791,0.0109,0.047,625,2,1.17
balance,A,vanilla,GradBoost,0.9104,0.0185,0.9097,0.0187,0.067,625,2,1.17
balance,A,vanilla,Stacking,0.952,0.0134,0.9514,0.0138,0.206,625,2,1.17
balance,A,vanilla,XGBoost,0.9264,0.0185,0.9257,0.0187,0.109,625,2,1.17
balance,A,vanilla,LGBM,0.9136,0.0192,0.913,0.0195,0.085,625,2,1.17
balance,A,vanilla,RFF_binary,0.8912,0.0298,0.8874,0.0313,0.058,625,2,1.17
bupa,A,vanilla,LogReg,0.6812,0.0527,0.6587,0.0579,0.002,345,2,1.38
bupa,A,vanilla,Bagging,0.7101,0.0542,0.6941,0.0598,0.09,345,2,1.38
bupa,A,vanilla,RandomForest,0.7362,0.0393,0.7176,0.0396,0.103,345,2,1.38
bupa,A,vanilla,AdaBoost,0.7275,0.0323,0.7107,0.0357,0.051,345,2,1.38
bupa,A,vanilla,GradBoost,0.7304,0.0473,0.7132,0.0532,0.077,345,2,1.38
bupa,A,vanilla,Stacking,0.742,0.0488,0.7283,0.0453,0.216,345,2,1.38
bupa,A,vanilla,XGBoost,0.7333,0.0385,0.719,0.0411,0.085,345,2,1.38
bupa,A,vanilla,LGBM,0.742,0.0514,0.729,0.0529,0.048,345,2,1.38
bupa,A,vanilla,RFF_binary,0.5797,0.0,0.367,0.0,0.048,345,2,1.38
german,A,vanilla,LogReg,0.768,0.015,0.6983,0.0215,0.002,1000,2,2.33
german,A,vanilla,Bagging,0.769,0.0124,0.6997,0.0163,0.147,1000,2,2.33
german,A,vanilla,RandomForest,0.774,0.0058,0.6872,0.0093,0.122,1000,2,2.33
german,A,vanilla,AdaBoost,0.75,0.0089,0.678,0.0115,0.058,1000,2,2.33
german,A,vanilla,GradBoost,0.778,0.0144,0.7128,0.0194,0.127,1000,2,2.33
german,A,vanilla,Stacking,0.774,0.0037,0.6945,0.0112,0.548,1000,2,2.33
german,A,vanilla,XGBoost,0.77,0.023,0.711,0.0245,0.108,1000,2,2.33
german,A,vanilla,LGBM,0.766,0.0143,0.7086,0.0167,0.116,1000,2,2.33
german,A,vanilla,RFF_binary,0.701,0.002,0.4153,0.007,0.107,1000,2,2.33
heart,A,vanilla,LogReg,0.837,0.0489,0.8332,0.0521,0.002,270,2,1.25
heart,A,vanilla,Bagging,0.7926,0.084,0.7872,0.0861,0.072,270,2,1.25
heart,A,vanilla,RandomForest,0.8074,0.0746,0.8033,0.0766,0.086,270,2,1.25
heart,A,vanilla,AdaBoost,0.8074,0.0679,0.8019,0.0702,0.045,270,2,1.25
heart,A,vanilla,GradBoost,0.7926,0.059,0.7882,0.0603,0.076,270,2,1.25
heart,A,vanilla,Stacking,0.8296,0.0359,0.8256,0.0374,0.195,270,2,1.25
heart,A,vanilla,XGBoost,0.8,0.0716,0.7945,0.0741,0.077,270,2,1.25
heart,A,vanilla,LGBM,0.8074,0.0689,0.8026,0.071,0.036,270,2,1.25
heart,A,vanilla,RFF_binary,0.8111,0.0272,0.8069,0.0285,0.057,270,2,1.25
iono,A,vanilla,LogReg,0.8859,0.0454,0.8692,0.0531,0.002,351,2,1.79
iono,A,vanilla,Bagging,0.9258,0.0344,0.9185,0.0374,0.178,351,2,1.79
iono,A,vanilla,RandomForest,0.9287,0.024,0.9216,0.026,0.118,351,2,1.79
iono,A,vanilla,AdaBoost,0.9401,0.0419,0.9334,0.0463,0.08,351,2,1.79
iono,A,vanilla,GradBoost,0.9344,0.0309,0.927,0.0347,0.251,351,2,1.79
iono,A,vanilla,Stacking,0.9373,0.0214,0.9302,0.0243,0.275,351,2,1.79
iono,A,vanilla,XGBoost,0.9202,0.0369,0.9112,0.0413,0.091,351,2,1.79
iono,A,vanilla,LGBM,0.9401,0.0168,0.9335,0.0189,0.088,351,2,1.79
iono,A,vanilla,RFF_binary,0.8289,0.0319,0.8046,0.0379,0.07,351,2,1.79
newthyroid,A,vanilla,LogReg,0.8744,0.0237,0.8318,0.0326,0.002,215,2,2.31
newthyroid,A,vanilla,Bagging,0.9442,0.0522,0.9309,0.0651,0.063,215,2,2.31
newthyroid,A,vanilla,RandomForest,0.9628,0.0315,0.954,0.0393,0.081,215,2,2.31
newthyroid,A,vanilla,AdaBoost,0.9535,0.0389,0.9426,0.0499,0.056,215,2,2.31
newthyroid,A,vanilla,GradBoost,0.9395,0.0315,0.9258,0.0385,0.064,215,2,2.31
newthyroid,A,vanilla,Stacking,0.9581,0.0271,0.9497,0.0322,0.18,215,2,2.31
newthyroid,A,vanilla,XGBoost,0.9535,0.0147,0.9435,0.0168,0.054,215,2,2.31
newthyroid,A,vanilla,LGBM,0.9674,0.0237,0.9608,0.0286,0.046,215,2,2.31
newthyroid,A,vanilla,RFF_binary,0.7209,0.0294,0.481,0.0878,0.043,215,2,2.31
pima,A,vanilla,LogReg,0.7747,0.0147,0.7374,0.0111,0.002,768,2,1.87
pima,A,vanilla,Bagging,0.7564,0.0263,0.7236,0.0278,0.127,768,2,1.87
pima,A,vanilla,RandomForest,0.7617,0.0215,0.7268,0.0223,0.12,768,2,1.87
pima,A,vanilla,AdaBoost,0.7578,0.0245,0.7254,0.0242,0.058,768,2,1.87
pima,A,vanilla,GradBoost,0.7617,0.0156,0.7326,0.0143,0.132,768,2,1.87
pima,A,vanilla,Stacking,0.7656,0.0176,0.7292,0.0206,0.305,768,2,1.87
pima,A,vanilla,XGBoost,0.7473,0.0201,0.7152,0.0262,0.101,768,2,1.87
pima,A,vanilla,LGBM,0.7551,0.0249,0.7256,0.0305,0.089,768,2,1.87
pima,A,vanilla,RFF_binary,0.651,0.0021,0.3943,0.0008,0.068,768,2,1.87
sonar,A,vanilla,LogReg,0.7836,0.0262,0.7806,0.0274,0.004,208,2,1.14
sonar,A,vanilla,Bagging,0.77,0.0805,0.7641,0.0827,0.17,208,2,1.14
sonar,A,vanilla,RandomForest,0.8036,0.0632,0.7994,0.0634,0.105,208,2,1.14
sonar,A,vanilla,AdaBoost,0.7985,0.0608,0.7948,0.0611,0.084,208,2,1.14
sonar,A,vanilla,GradBoost,0.8125,0.0467,0.8105,0.048,0.268,208,2,1.14
sonar,A,vanilla,Stacking,0.7168,0.1004,0.7088,0.1009,0.266,208,2,1.14
sonar,A,vanilla,XGBoost,0.8369,0.0799,0.8352,0.0799,0.056,208,2,1.14
sonar,A,vanilla,LGBM,0.8369,0.0657,0.8353,0.0648,0.037,208,2,1.14
sonar,A,vanilla,RFF_binary,0.6492,0.0625,0.6174,0.0782,0.09,208,2,1.14
spambase,A,vanilla,LogReg,0.9245,0.0097,0.9204,0.0105,0.014,4597,2,1.54
spambase,A,vanilla,Bagging,0.9434,0.0078,0.9406,0.0082,1.979,4597,2,1.54
spambase,A,vanilla,RandomForest,0.9534,0.0071,0.951,0.0076,0.471,4597,2,1.54
spambase,A,vanilla,AdaBoost,0.9267,0.0073,0.9226,0.0078,0.254,4597,2,1.54
spambase,A,vanilla,GradBoost,0.9458,0.0064,0.943,0.0067,1.152,4597,2,1.54
spambase,A,vanilla,Stacking,0.9556,0.0069,0.9533,0.0073,2.02,4597,2,1.54
spambase,A,vanilla,XGBoost,0.9554,0.0055,0.9532,0.0057,0.203,4597,2,1.54
spambase,A,vanilla,LGBM,0.9571,0.0071,0.9551,0.0074,0.134,4597,2,1.54
spambase,A,vanilla,RFF_binary,0.6337,0.0448,0.4462,0.1029,1.195,4597,2,1.54
wine,A,vanilla,LogReg,0.9944,0.0111,0.9939,0.0123,0.001,178,2,2.02
wine,A,vanilla,Bagging,0.9492,0.0417,0.9425,0.0472,0.062,178,2,2.02
wine,A,vanilla,RandomForest,0.983,0.0139,0.9806,0.0159,0.081,178,2,2.02
wine,A,vanilla,AdaBoost,0.9605,0.0227,0.9553,0.026,0.047,178,2,2.02
wine,A,vanilla,GradBoost,0.9437,0.0183,0.9357,0.0227,0.079,178,2,2.02
wine,A,vanilla,Stacking,0.9944,0.0111,0.9939,0.0123,0.17,178,2,2.02
wine,A,vanilla,XGBoost,0.9603,0.0389,0.9542,0.0451,0.024,178,2,2.02
wine,A,vanilla,LGBM,0.9603,0.0293,0.9541,0.035,0.034,178,2,2.02
wine,A,vanilla,RFF_binary,0.8763,0.0527,0.8557,0.065,0.053,178,2,2.02
wdbc,A,vanilla,LogReg,0.9737,0.0166,0.9714,0.0183,0.002,569,2,1.68
wdbc,A,vanilla,Bagging,0.9561,0.0192,0.9524,0.0215,0.182,569,2,1.68
wdbc,A,vanilla,RandomForest,0.9561,0.0078,0.9528,0.0084,0.126,569,2,1.68
wdbc,A,vanilla,AdaBoost,0.9596,0.0119,0.9564,0.013,0.096,569,2,1.68
wdbc,A,vanilla,GradBoost,0.9508,0.018,0.9469,0.0198,0.333,569,2,1.68
wdbc,A,vanilla,Stacking,0.9789,0.0119,0.9772,0.013,0.284,569,2,1.68
wdbc,A,vanilla,XGBoost,0.9631,0.0102,0.9606,0.0108,0.059,569,2,1.68
wdbc,A,vanilla,LGBM,0.9666,0.0195,0.9639,0.0212,0.131,569,2,1.68
wdbc,A,vanilla,RFF_binary,0.9438,0.028,0.9389,0.0301,0.076,569,2,1.68
yeast3,B,vanilla,LogReg,0.9434,0.008,0.7226,0.0296,0.002,1484,2,8.1
yeast3,B,vanilla,Bagging,0.9474,0.0101,0.7532,0.0433,0.094,1484,2,8.1
yeast3,B,vanilla,RandomForest,0.9488,0.0086,0.7531,0.0388,0.106,1484,2,8.1
yeast3,B,vanilla,AdaBoost,0.9508,0.0108,0.7808,0.0476,0.055,1484,2,8.1
yeast3,B,vanilla,GradBoost,0.9481,0.0046,0.754,0.0201,0.121,1484,2,8.1
yeast3,B,vanilla,Stacking,0.9488,0.0058,0.7417,0.0379,0.308,1484,2,8.1
yeast3,B,vanilla,XGBoost,0.9447,0.0041,0.7382,0.0211,0.069,1484,2,8.1
yeast3,B,vanilla,LGBM,0.9434,0.0069,0.7302,0.0303,0.114,1484,2,8.1
yeast3,B,vanilla,RFF_binary,0.8902,0.0016,0.0,0.0,0.073,1484,2,8.1
yeast3,B,oversample,LogReg,0.8997,0.009,0.9,0.0092,0.003,2642,2,8.1
yeast3,B,oversample,Bagging,0.9822,0.0052,0.9819,0.0053,0.158,2642,2,8.1
yeast3,B,oversample,RandomForest,0.9837,0.0039,0.9834,0.004,0.142,2642,2,8.1
yeast3,B,oversample,AdaBoost,0.9319,0.0077,0.9331,0.0076,0.066,2642,2,8.1
yeast3,B,oversample,GradBoost,0.9693,0.0033,0.9688,0.0033,0.165,2642,2,8.1
yeast3,B,oversample,Stacking,0.9894,0.0039,0.9893,0.004,0.581,2642,2,8.1
yeast3,B,oversample,XGBoost,0.9799,0.0046,0.9795,0.0048,0.105,2642,2,8.1
yeast3,B,oversample,LGBM,0.9807,0.004,0.9803,0.0042,0.103,2642,2,8.1
yeast3,B,oversample,RFF_binary,0.698,0.0961,0.5562,0.1719,0.138,2642,2,8.1
yeast3,B,cost_sensitive,LogReg,0.9016,0.0129,0.667,0.0393,0.003,1484,2,8.1
yeast3,B,cost_sensitive,Bagging,0.9474,0.0101,0.7532,0.0433,0.094,1484,2,8.1
yeast3,B,cost_sensitive,RandomForest,0.9488,0.0078,0.7446,0.04,0.104,1484,2,8.1
yeast3,B,cost_sensitive,AdaBoost,0.9508,0.0108,0.7808,0.0476,0.057,1484,2,8.1
yeast3,B,cost_sensitive,GradBoost,0.9481,0.0046,0.754,0.0201,0.13,1484,2,8.1
yeast3,B,cost_sensitive,Stacking,0.9495,0.0067,0.7458,0.0426,0.304,1484,2,8.1
yeast3,B,cost_sensitive,XGBoost,0.9447,0.0041,0.7382,0.0211,0.086,1484,2,8.1
yeast3,B,cost_sensitive,LGBM,0.9447,0.0045,0.7533,0.0056,0.104,1484,2,8.1
yeast3,B,cost_sensitive,RFF_binary,0.8902,0.0016,0.0,0.0,0.071,1484,2,8.1
